,playerId,squadId,firstName,lastName,displayName,position,price,gameWeekPoints,averagePoints,last3Average,bonusPoints,totalPoints,percentSelected,form,goals,assists,minutesPlayed,shotsOnTarget,chancesCreated,tackles,cleanSheet,saves,goalsConceded,yellowCards,redCards,ownGoals,penaltyMisses,penaltySaves,bonusPpm,dribbles,crosses,offsides,passCompletionRate,interceptions,blocks,foulsWon,foulsMade,goalsOutsideArea,errorsLeadingToGoal,averagePoints_per_price,totalPoints_per_price
0,51981,210,Joël,Mall,J. Mall,GK,6.0,,4.2,0,9,105,0,,0,0,2250,0,0,3,4,99.0,39,2,0,0,0,0,571,1,0,0,64,0,0,4,2,0,1,0.7000000000000001,17.5
1,52046,595,Steven,Zuber,S. Zuber,MID,9.0,,4.7,0,6,94,0,,7,4,1767,27,4,19,5,,0,3,0,0,0,0,417,20,12,4,78,9,1,29,18,0,0,0.5222222222222223,10.444444444444445
2,56484,481,Marwin,Hitz,M. Hitz,GK,7.5,,5.1,0,17,183,0,,0,0,3195,0,0,0,12,132.0,39,1,0,1,0,1,918,1,0,0,84,0,0,1,0,0,0,0.6799999999999999,24.4
3,62431,1414,Heinz,Lindner,H. Lindner,GK,4.5,,3.5,0,0,7,0,,0,0,180,0,0,0,0,10.0,3,0,0,0,0,0,44,0,0,0,63,0,0,0,0,0,0,0.7777777777777778,1.5555555555555556
4,68260,1963,Loris,Benito,L. Benito,DEF,5.5,,3.2,0,11,86,0,,0,1,2246,4,3,38,7,,22,3,0,0,0,0,573,3,5,0,83,35,16,4,27,0,1,0.5818181818181819,15.636363636363637
5,68312,481,Xherdan,Shaqiri,X. Shaqiri,MID,11.0,,7.8,0,36,265,0,,17,25,2618,32,32,7,12,,0,3,0,0,1,0,1074,23,73,13,76,5,0,58,29,6,0,0.7090909090909091,24.09090909090909
6,81025,1414,Pajtim,Kasami,P. Kasami,MID,6.0,,0.9,0,0,8,0,,0,0,112,0,0,2,0,,0,1,0,0,0,0,34,3,1,0,68,0,0,4,1,0,0,0.15,1.3333333333333333
7,82447,210,Miroslav,Stevanovic,M. Stevanovic,MID,10.0,,5.9,0,36,224,0,,14,13,3179,30,10,53,8,,0,3,0,0,0,0,950,22,44,13,70,19,4,35,15,1,0,0.5900000000000001,22.4
8,84360,249,Amir,Abrashi,A. Abrashi,MID,6.5,,1.9,0,3,58,0,,0,2,2162,1,1,73,5,,0,9,1,0,0,0,487,9,5,1,78,24,7,38,40,0,0,0.29230769230769227,8.923076923076923
9,88221,1414,Numa,Lavanchy,N. Lavanchy,DEF,5.5,,2.8,0,14,100,0,,2,3,3221,6,4,81,4,,55,4,1,0,0,0,752,17,22,4,74,49,15,36,45,1,0,0.509090909090909,18.181818181818183
10,88596,3573,Stefanos,Kapino,S. Kapino,GK,7.0,,4.8,0,19,160,0,,0,0,2880,0,0,2,9,132.0,58,3,0,1,0,2,792,0,0,0,65,0,0,1,2,0,0,0.6857142857142857,22.857142857142858
11,89500,490,Thomas,Castella,T. Castella,GK,4.5,,2.3,0,0,9,0,,0,0,360,0,0,0,0,10.0,9,0,0,0,0,0,66,0,0,0,61,0,0,0,0,0,1,0.5111111111111111,2.0
12,94241,210,Steve,Rouiller,S. Rouiller,DEF,6.5,,4.0,0,15,112,0,,5,0,2419,10,0,50,7,,28,5,1,0,0,0,638,10,0,0,80,46,15,23,20,0,0,0.6153846153846154,17.23076923076923
13,101455,935,Mattia,Bottani,M. Bottani,FWD,6.0,,1.6,0,1,44,0,,2,0,1398,11,3,20,0,,0,5,0,0,0,0,245,26,9,5,81,6,0,17,16,1,0,0.26666666666666666,7.333333333333333
14,102022,595,Yanick,Brecher,Y. Brecher,GK,7.5,,4.8,0,22,181,0,,0,1,3420,0,1,0,11,106.0,57,0,0,1,0,3,948,0,0,0,76,0,0,3,1,0,1,0.64,24.133333333333333
15,102826,595,Benjamin,Mendy,B. Mendy,DEF,4.5,,2.0,0,0,14,0,,0,1,333,1,0,3,1,,4,1,0,0,0,0,68,1,9,0,72,3,1,0,4,0,2,0.4444444444444444,3.111111111111111
16,102911,490,Noë,Dussenne,N. Dussenne,DEF,7.5,,4.3,0,14,143,0,,7,2,2937,13,2,51,10,,42,7,0,0,0,0,779,10,1,1,76,64,21,39,36,0,4,0.5733333333333334,19.066666666666666
17,105377,935,Ezgjan,Alioski,E. Alioski,DEF,7.0,,0.0,0,0,0,0,,0,0,0,0,0,0,0,,0,0,0,0,0,0,0,0,0,0,0,0,0,0,0,0,0,0.0,0.0
18,106373,3573,Roman,Buess,R. Buess,FWD,5.0,,1.7,0,0,25,0,,2,2,167,3,2,2,0,,0,1,0,0,1,0,104,1,0,0,66,1,1,2,7,0,0,0.33999999999999997,5.0
19,106471,453,Jordi,Quintillà,J. Quintillà,MID,6.5,,2.0,0,3,54,0,,0,2,1818,2,2,32,4,,0,5,0,0,0,0,388,4,5,0,83,15,10,24,30,0,0,0.3076923076923077,8.307692307692308
20,107640,210,Jérémy,Frick,J. Frick,GK,6.0,,4.9,0,5,64,0,,0,0,1170,0,0,0,4,39.0,16,0,0,0,0,1,304,1,0,0,59,0,0,2,0,0,0,0.8166666666666668,10.666666666666666
21,116699,1748,Marco,Bürki,M. Bürki,DEF,4.5,,0.0,0,0,0,0,,0,0,0,0,0,0,0,,0,0,0,0,0,0,0,0,0,0,0,0,0,0,0,0,0,0.0,0.0
22,116700,1748,Leonardo,Bertone,L. Bertone,MID,6.0,,0.0,0,0,0,0,,0,0,0,0,0,0,0,,0,0,0,0,0,0,0,0,0,0,0,0,0,0,0,0,0,0.0,0.0
23,118751,481,Mirko,Salvi,M. Salvi,GK,4.0,,1.0,0,0,3,0,,0,0,225,0,0,0,0,2.0,4,0,0,0,0,0,41,0,0,0,90,0,0,1,0,0,0,0.25,0.75
24,119578,1963,David,von Ballmoos,D. von Ballmoos,GK,5.5,,3.2,0,2,54,0,,0,0,1530,0,0,0,1,57.0,28,1,0,0,0,0,334,0,0,0,65,0,0,1,0,0,0,0.5818181818181819,9.818181818181818
25,119593,3573,Luca,Zuffi,L. Zuffi,MID,6.5,,3.0,0,7,82,0,,3,1,2029,5,1,21,9,,0,1,0,0,0,0,490,8,16,1,87,17,8,8,12,0,0,0.46153846153846156,12.615384615384615
26,119788,935,Renato,Steffen,R. Steffen,MID,9.0,,4.2,0,15,109,0,,7,5,1956,12,13,23,5,,0,7,0,0,0,0,523,20,32,6,79,9,5,42,23,1,0,0.4666666666666667,12.11111111111111
27,127122,1414,Federico,Barba,F. Barba,DEF,5.0,,1.1,0,0,18,0,,0,0,1315,2,0,23,0,,28,3,0,0,0,0,242,3,4,1,79,19,10,19,16,0,0,0.22000000000000003,3.6
28,133802,1414,Benjamin,Kololli,B. Kololli,MID,7.0,,4.5,0,9,95,0,,9,4,1208,20,3,11,3,,0,2,1,1,0,0,393,22,23,5,78,11,1,24,10,1,0,0.6428571428571429,13.571428571428571
29,151868,210,David,Douline,D. Douline,MID,5.5,,2.2,0,4,47,0,,0,3,1322,3,1,68,3,,0,2,0,0,0,0,348,14,2,1,76,34,7,27,35,0,0,0.4,8.545454545454545
30,153701,249,Saulo,Decarli,S. Decarli,DEF,4.5,,1.5,0,0,25,0,,0,0,1311,1,0,10,3,,27,4,1,0,0,0,255,0,0,0,74,18,10,5,13,0,1,0.3333333333333333,5.555555555555555
31,166407,490,Olivier,Custodio,O. Custodio,MID,5.5,,2.2,0,4,49,0,,0,3,1493,4,7,26,4,,0,5,0,0,0,0,344,9,28,1,82,8,0,15,27,0,0,0.4,8.909090909090908
32,170929,1963,Saidy,Janko,S. Janko,DEF,4.0,,0.0,0,0,0,0,,0,0,0,0,0,0,0,,0,0,0,0,0,0,0,0,0,0,0,0,0,0,0,0,0,0.0,0.0
33,172594,1963,Gregory,Wüthrich,G. Wüthrich,DEF,6.0,,0.0,0,0,0,0,,0,0,0,0,0,0,0,,0,0,0,0,0,0,0,0,0,0,0,0,0,0,0,0,0,0.0,0.0
34,173182,1963,Chris,Bedia,C. Bedia,FWD,7.0,,3.6,0,7,62,0,,6,1,1093,14,1,11,0,,0,1,0,0,0,0,226,7,2,7,80,1,2,7,19,0,0,0.5142857142857143,8.857142857142858
35,173235,1269,Adrian,Grbic,A. Grbic,FWD,7.0,,2.7,0,10,84,0,,9,2,1406,29,2,11,0,,0,3,0,0,2,0,341,5,1,8,66,3,0,15,24,0,0,0.38571428571428573,12.0
36,173245,3573,Souleymane,Diaby,S. Diaby,DEF,4.5,,1.9,0,4,34,0,,0,0,1028,2,0,31,3,,17,4,0,0,0,0,232,3,2,0,75,16,8,6,18,0,0,0.4222222222222222,7.555555555555555
37,175006,1414,Anton,Miranchuk,A. Miranchuk,MID,6.0,,2.9,0,6,69,0,,2,4,1394,11,5,20,4,,0,1,0,0,0,0,330,14,15,7,76,9,1,22,14,0,0,0.48333333333333334,11.5
38,181008,481,Albian,Ajeti,A. Ajeti,FWD,7.5,,3.4,0,8,101,0,,10,6,1421,24,6,16,0,,0,1,2,0,0,0,404,6,1,13,73,6,0,24,22,0,0,0.4533333333333333,13.466666666666667
39,184303,453,Albert,Vallci,A. Vallci,DEF,5.5,,2.6,0,11,70,0,,2,1,2238,2,0,44,4,,32,7,2,0,0,0,518,3,1,0,77,31,17,13,29,0,0,0.4727272727272727,12.727272727272727
40,185521,481,Kevin,Rüegg,K. Rüegg,DEF,5.5,,4.7,0,6,33,0,,0,1,432,0,1,21,3,,3,0,0,0,0,0,171,2,1,1,77,9,0,4,1,0,0,0.8545454545454546,6.0
41,185522,3573,Remo,Arnold,R. Arnold,MID,5.5,,2.3,0,5,79,0,,1,1,2874,5,2,57,9,,0,5,1,0,0,0,608,14,2,3,78,33,35,15,26,0,1,0.41818181818181815,14.363636363636363
42,186794,1269,Vaso,Vasic,V. Vasic,GK,4.0,,2.0,0,0,2,0,,0,0,45,0,0,0,0,5.0,2,0,0,0,0,0,20,0,0,0,95,0,0,0,0,0,0,0.5,0.5
43,194251,249,Dirk,Abels,D. Abels,DEF,5.0,,2.2,0,1,62,0,,1,0,2046,4,0,29,4,,28,3,0,0,0,0,393,5,7,1,65,29,10,15,15,1,0,0.44000000000000006,12.4
44,197309,453,Chima,Okoroji,C. Okoroji,DEF,5.0,,2.3,0,6,71,0,,0,1,2551,3,7,53,6,,37,7,0,1,0,0,567,27,21,1,75,40,1,25,23,0,1,0.45999999999999996,14.2
45,198383,1963,Cedric,Itten,C. Itten,FWD,7.5,,2.9,0,11,100,0,,8,4,1766,24,3,16,0,,0,5,0,0,0,0,357,11,3,3,56,3,6,16,48,0,0,0.38666666666666666,13.333333333333334
46,198987,1963,Rayan,Raveloson,R. Raveloson,MID,6.0,,2.6,0,2,50,0,,2,0,1522,5,1,32,5,,0,3,0,0,0,0,341,7,6,0,82,16,9,22,11,2,0,0.43333333333333335,8.333333333333334
47,199667,210,Timothé,Cognat,T. Cognat,MID,9.0,,3.5,0,23,123,0,,2,8,3069,14,11,80,8,,0,7,1,0,0,0,844,44,76,3,79,37,7,25,44,0,0,0.3888888888888889,13.666666666666666
48,200212,210,Gaël,Ondoua,G. Ondoua,MID,6.0,,1.8,0,0,48,0,,1,0,1578,4,1,29,4,,0,2,1,0,0,0,318,6,3,0,82,15,8,24,23,0,0,0.3,8.0
49,200837,210,Samuel,Mráz,S. Mráz,FWD,6.5,,0.0,0,0,0,0,,0,0,0,0,0,0,0,,0,0,0,0,0,0,0,0,0,0,0,0,0,0,0,0,0,0.0,0.0
50,202298,453,Lawrence Ati,Zigi,L. Zigi,GK,6.5,,3.5,0,4,132,0,,0,0,3420,0,0,1,6,112.0,53,2,0,0,0,0,789,0,0,0,70,1,0,14,0,0,3,0.5384615384615384,20.307692307692307
51,203034,1748,Christopher,Ibayi,C. Ibayi,FWD,5.5,,0.0,0,0,0,0,,0,0,0,0,0,0,0,,0,0,0,0,0,0,0,0,0,0,0,0,0,0,0,0,0,0.0,0.0
52,204670,1414,Kreshnik,Hajrizi,K. Hajrizi,DEF,4.5,,2.4,0,6,36,0,,2,1,1272,4,0,28,0,,23,4,0,2,0,0,279,3,0,0,76,18,15,22,16,0,0,0.5333333333333333,8.0
53,208560,935,Hicham,Mahou,H. Mahou,MID,6.5,,2.0,0,2,41,0,,1,3,785,9,0,9,1,,0,1,0,0,0,0,183,31,5,1,84,6,0,11,13,0,0,0.3076923076923077,6.3076923076923075
54,209402,453,Lukas,Görtler,L. Görtler,MID,7.0,,3.5,0,11,88,0,,5,5,1740,17,6,55,5,,0,9,1,0,0,0,481,8,4,0,74,27,8,36,39,0,0,0.5,12.571428571428571
55,209667,453,Lukas,Watkowiak,L. Watkowiak,GK,3.5,,0.0,0,0,0,0,,0,0,0,0,0,0,0,0.0,0,0,0,0,0,0,0,0,0,0,0,0,0,0,0,0,0,0.0,0.0
56,212072,1963,Dario,Marzino,D. Marzino,GK,3.5,,0.0,0,0,0,0,,0,0,0,0,0,0,0,0.0,0,0,0,0,0,0,0,0,0,0,0,0,0,0,0,0,0,0.0,0.0
57,212083,935,Anto,Grgic,A. Grgic,MID,8.0,,3.7,0,16,133,0,,9,2,2542,12,3,33,6,,0,4,0,0,0,0,780,6,32,0,88,36,9,16,21,0,0,0.4625,16.625
58,213380,935,Lukas,Mai,L. Mai,DEF,5.5,,2.4,0,11,72,0,,0,2,2079,2,1,75,5,,33,7,0,0,0,0,596,4,0,1,86,21,17,13,19,0,0,0.43636363636363634,13.090909090909092
59,214195,1963,Sandro,Lauper,S. Lauper,MID,6.0,,2.0,0,2,57,0,,0,2,2197,0,1,47,7,,0,6,1,0,0,0,460,4,0,0,84,47,15,14,24,0,0,0.3333333333333333,9.5
60,215075,1269,Pius,Dorn,P. Dorn,DEF,7.0,,3.6,0,14,133,0,,3,9,3285,9,7,62,8,,61,6,0,0,0,0,737,26,14,6,72,30,10,49,44,2,1,0.5142857142857143,19.0
61,215428,210,Jérémy,Guillemenot,J. Guillemenot,FWD,6.0,,1.3,0,0,34,0,,0,2,838,15,3,9,0,,0,2,0,0,1,0,102,8,2,9,50,0,2,15,14,0,0,0.21666666666666667,5.666666666666667
62,218359,1748,Dominik,Franke,D. Franke,DEF,4.5,,0.0,0,0,0,0,,0,0,0,0,0,0,0,,0,0,0,0,0,0,0,0,0,0,0,0,0,0,0,0,0,0.0,0.0
63,219529,3573,Basil,Stillhart,B. Stillhart,MID,6.0,,2.2,0,2,48,0,,1,1,1282,4,2,32,4,,0,3,0,0,0,0,318,10,2,0,72,14,6,13,22,1,0,0.3666666666666667,8.0
64,219917,1748,Jan,Bamert,J. Bamert,DEF,5.0,,0.0,0,0,0,0,,0,0,0,0,0,0,0,,0,0,0,0,0,0,0,0,0,0,0,0,0,0,0,0,0,0.0,0.0
65,223348,490,Konrad,de la Fuente,K. de la Fuente,MID,5.0,,1.5,0,0,35,0,,0,2,711,2,1,20,3,,0,2,0,0,0,0,126,10,11,1,60,5,0,20,12,0,0,0.3,7.0
66,223406,1963,Meschack,Elia,M. Elia,FWD,7.0,,1.6,0,0,24,0,,0,1,865,6,0,6,0,,0,2,0,0,0,0,55,9,4,4,70,3,0,6,18,0,0,0.2285714285714286,3.4285714285714284
67,223759,481,Djordje,Jovanovic,D. Jovanovic,FWD,5.5,,0.0,0,0,0,0,,0,0,0,0,0,0,0,,0,0,0,0,0,0,0,0,0,0,0,0,0,0,0,0,0,0.0,0.0
68,226883,3573,Lukas,Mühl,L. Mühl,DEF,4.5,,2.2,0,6,38,0,,0,0,1140,1,0,27,4,,31,0,0,0,0,0,318,3,0,0,79,35,12,1,5,0,0,0.48888888888888893,8.444444444444445
69,227217,210,Bradley,Mazikou,B. Mazikou,DEF,6.5,,3.1,0,10,97,0,,0,4,2697,1,6,72,9,,43,8,0,1,0,0,747,25,13,0,83,54,9,41,23,0,0,0.47692307692307695,14.923076923076923
70,228778,1269,Andrejs,Ciganiks,A. Ciganiks,DEF,5.0,,2.6,0,11,90,0,,1,4,2611,4,6,76,7,,48,6,1,0,0,0,707,16,41,4,74,37,6,20,39,0,0,0.52,18.0
71,229235,1269,Stefan,Knezevic,S. Knezevic,DEF,5.5,,2.2,0,5,73,0,,2,0,2821,4,0,39,6,,51,12,0,0,0,0,585,1,1,4,84,46,23,47,32,0,1,0.4,13.272727272727273
72,229237,1963,Christian,Fassnacht,C. Fassnacht,MID,9.5,,5.8,0,7,104,0,,11,2,1440,18,2,20,5,,0,3,0,0,0,0,408,11,3,1,77,12,0,2,14,0,0,0.6105263157894737,10.947368421052632
73,229695,490,Karlo,Letica,K. Letica,GK,6.5,,4.2,0,6,142,0,,0,0,3060,0,0,0,10,100.0,45,4,0,1,0,2,707,0,0,0,52,0,0,9,0,0,5,0.6461538461538462,21.846153846153847
74,229706,1414,Ali,Kabacalman,A. Kabacalman,MID,6.0,,2.5,0,6,91,0,,2,2,3064,7,3,74,7,,0,7,0,0,1,0,744,8,6,0,86,41,11,22,21,0,0,0.4166666666666667,15.166666666666666
75,230541,210,Yoan,Severin,Y. Severin,DEF,5.5,,2.3,0,4,68,0,,0,0,2323,2,0,37,6,,42,2,0,0,0,0,509,6,2,0,74,36,17,11,16,0,0,0.41818181818181815,12.363636363636363
76,230755,1414,Marquinhos,Cipriano,M. Cipriano,DEF,4.5,,1.6,0,2,34,0,,0,1,971,0,2,22,1,,13,2,0,0,0,0,229,3,16,0,73,9,6,11,9,0,0,0.35555555555555557,7.555555555555555
77,231221,3573,Silvan,Sidler,S. Sidler,DEF,5.5,,2.5,0,4,79,0,,0,1,2483,2,4,50,10,,52,6,0,0,0,0,556,16,9,2,66,33,13,15,34,0,1,0.45454545454545453,14.363636363636363
78,233275,1748,Vasilije,Janjicic,V. Janjicic,MID,5.5,,0.0,0,0,0,0,,0,0,0,0,0,0,0,,0,0,0,0,0,0,0,0,0,0,0,0,0,0,0,0,0,0.0,0.0
79,234473,3573,Nishan,Burkart,N. Burkart,FWD,7.0,,3.3,0,6,73,0,,4,5,1452,13,5,11,0,,0,0,0,0,1,0,313,14,6,6,67,11,0,20,15,0,0,0.4714285714285714,10.428571428571429
80,235862,490,Morgan,Poaty,M. Poaty,DEF,6.0,,3.2,0,10,117,0,,2,1,2956,5,4,44,10,,44,1,0,2,0,0,721,21,21,0,72,42,10,49,24,1,0,0.5333333333333333,19.5
81,241754,453,Jozo,Stanic,J. Stanic,DEF,4.5,,1.7,0,5,45,0,,0,0,2250,1,1,33,3,,33,9,1,0,0,0,451,3,1,0,83,35,28,23,38,0,1,0.37777777777777777,10.0
82,242169,1963,Filip,Ugrinic,F. Ugrinic,MID,8.5,,3.3,0,16,118,0,,3,7,2804,17,7,62,7,,0,6,0,0,0,0,825,32,44,2,86,41,4,32,32,1,0,0.388235294117647,13.882352941176471
83,242894,453,Willem,Geubbels,W. Geubbels,FWD,9.0,,4.4,0,18,137,0,,14,3,2276,35,7,25,0,,0,2,1,0,0,0,584,27,5,24,63,11,3,14,27,0,0,0.48888888888888893,15.222222222222221
84,247385,1963,Anthony,Racioppi,A. Racioppi,GK,6.0,,0.0,0,0,0,0,,0,0,0,0,0,0,0,0.0,0,0,0,0,0,0,0,0,0,0,0,0,0,0,0,0,0,0.0,0.0
85,247441,3573,Dario,Ulrich,D. Ulrich,MID,5.5,,2.1,0,0,51,0,,0,2,1689,4,3,30,8,,0,4,0,0,0,0,255,10,15,4,70,11,5,28,32,0,0,0.38181818181818183,9.272727272727273
86,248398,935,Zachary,Brault-Guillard,Z. Brault-Guillard,DEF,4.5,,2.0,0,2,39,0,,0,1,1137,3,2,16,2,,20,3,0,0,0,0,261,7,13,2,79,12,7,5,14,0,0,0.4444444444444444,8.666666666666666
87,248865,595,Armstrong,Oko-Flex,A. Oko-Flex,FWD,5.0,,1.8,0,0,21,0,,0,3,427,3,1,12,0,,0,1,0,0,0,0,94,12,3,1,62,4,0,8,5,0,0,0.36,4.2
88,420892,453,Lukas,Daschner,L. Daschner,FWD,7.0,,2.8,0,8,45,0,,3,0,1189,8,2,28,0,,0,4,0,0,0,0,303,18,17,0,72,20,4,10,20,1,0,0.39999999999999997,6.428571428571429
89,422163,490,Teddy,Okou,T. Okou,FWD,8.5,,3.5,0,17,128,0,,7,6,2855,28,9,70,0,,0,6,0,0,0,0,682,59,18,2,71,15,3,53,41,2,0,0.4117647058823529,15.058823529411764
90,422494,481,Dominik,Schmid,D. Schmid,DEF,8.0,,4.7,0,13,165,0,,4,9,2922,11,8,35,12,,32,6,0,0,0,0,837,15,30,1,80,57,9,41,34,1,0,0.5875,20.625
91,423877,1963,Mohamed Ali,Camara,M. Camara,DEF,4.5,,1.7,0,2,31,0,,0,0,1287,2,1,28,2,,18,3,2,0,0,0,296,2,1,0,76,20,17,7,26,0,0,0.37777777777777777,6.888888888888889
92,425625,249,Mathieu,Choinière,M. Choinière,MID,6.5,,2.0,0,3,34,0,,1,0,824,2,0,31,2,,0,2,0,0,0,0,223,7,2,0,79,7,0,10,10,0,0,0.3076923076923077,5.230769230769231
93,428620,935,Antonios,Papadopoulos,A. Papadopoulos,DEF,6.0,,2.5,0,13,81,0,,1,2,2649,5,4,51,5,,44,9,0,0,0,0,645,11,5,7,87,53,21,24,37,0,0,0.4166666666666667,13.5
94,430301,249,Giotto,Morandi,G. Morandi,MID,8.0,,4.1,0,19,106,0,,5,6,2175,18,10,23,3,,0,6,0,0,1,0,520,18,41,1,75,11,1,23,23,1,1,0.5125,13.25
95,430582,453,Bastien,Toma,B. Toma,MID,6.0,,2.7,0,8,93,0,,1,9,2029,7,7,33,4,,0,3,0,0,0,0,516,14,27,1,79,12,3,17,25,1,1,0.45,15.5
96,430976,3573,Fabian,Rohner,F. Rohner,MID,5.5,,2.3,0,0,9,0,,0,1,219,0,0,4,1,,0,1,0,0,0,0,39,4,1,3,70,1,0,3,2,0,0,0.41818181818181815,1.6363636363636365
97,435032,1748,Genís,Montolio,G. Montolio,DEF,5.5,,0.0,0,0,0,0,,0,0,0,0,0,0,0,,0,0,0,0,0,0,0,0,0,0,0,0,0,0,0,0,0,0.0,0.0
98,435989,935,Uran,Bislimi,U. Bislimi,MID,7.5,,2.5,0,6,77,0,,2,2,2356,16,5,61,6,,0,8,0,0,0,0,526,19,5,2,85,13,6,34,26,0,0,0.3333333333333333,10.266666666666667
99,435994,1748,Niklas,Steffen,N. Steffen,GK,4.0,,0.0,0,0,0,0,,0,0,0,0,0,0,0,0.0,0,0,0,0,0,0,0,0,0,0,0,0,0,0,0,0,0,0.0,0.0
100,437962,453,Kevin,Csoboth,K. Csoboth,MID,6.0,,1.5,0,0,47,0,,1,1,1271,4,1,19,2,,0,3,0,0,0,0,212,7,5,11,73,13,2,27,10,1,0,0.25,7.833333333333333
101,439125,595,Mariano,Gómez,M. Gómez,DEF,6.0,,2.9,0,11,109,0,,1,2,3206,7,2,44,10,,55,6,0,0,0,0,718,1,2,0,81,56,18,17,44,0,2,0.48333333333333334,18.166666666666668
102,445607,453,Stephan,Ambrosius,S. Ambrosius,DEF,5.0,,2.4,0,8,52,0,,0,1,1847,2,0,60,3,,27,5,0,0,0,0,474,4,1,1,79,31,18,10,26,0,0,0.48,10.4
103,446188,249,Justin,Hammel,J. Hammel,GK,7.0,,4.4,0,15,164,0,,0,0,3330,0,0,2,7,128.0,52,3,0,0,0,3,843,1,0,0,63,0,0,4,0,0,1,0.6285714285714287,23.428571428571427
104,446343,1748,Justin,Roth,J. Roth,MID,5.5,,0.0,0,0,0,0,,0,0,0,0,0,0,0,,0,0,0,0,0,0,0,0,0,0,0,0,0,0,0,0,0,0.0,0.0
105,446344,935,Allan,Arigoni,A. Arigoni,DEF,6.0,,1.0,0,0,3,0,,0,0,34,0,0,2,0,,1,0,0,0,0,0,12,1,0,0,72,0,0,1,0,0,0,0.16666666666666666,0.5
106,447340,595,Lindrit,Kamberi,L. Kamberi,DEF,5.5,,2.7,0,4,77,0,,4,0,1725,8,0,25,5,,30,4,1,0,0,0,381,2,4,2,69,23,5,14,22,1,1,0.49090909090909096,14.0
107,447541,1269,Thibault,Klidje,T. Klidje,FWD,8.5,,3.6,0,11,132,0,,10,6,2368,36,3,12,0,,0,0,0,0,0,0,493,21,1,23,61,9,4,40,15,1,0,0.4235294117647059,15.529411764705882
108,448462,1414,Baltazar,Costa,B. Costa,MID,5.0,,2.0,0,1,51,0,,0,0,2295,9,2,57,3,,0,4,0,0,0,0,436,10,2,0,78,42,14,37,24,0,0,0.4,10.2
109,449241,1269,Jakub,Kadák,J. Kadák,MID,6.0,,1.5,0,0,34,0,,1,2,623,4,2,13,1,,0,3,0,0,0,0,136,2,10,0,77,4,5,7,12,0,0,0.25,5.666666666666667
110,449781,3573,Alexandre,Jankewitz,A. Jankewitz,MID,5.0,,1.8,0,0,18,0,,0,0,737,0,1,14,4,,0,4,0,0,0,0,123,4,5,1,71,5,6,16,10,0,0,0.36,3.6
111,449783,595,Bledian,Krasniqi,B. Krasniqi,MID,8.5,,3.9,0,15,131,0,,5,7,2562,10,5,45,9,,0,2,0,0,0,0,692,38,27,3,85,12,1,27,25,1,1,0.4588235294117647,15.411764705882353
112,449795,210,Julian,von Moos,J. von Moos,FWD,5.5,,1.4,0,0,21,0,,0,1,513,1,0,12,0,,0,1,0,0,0,0,92,18,6,4,74,3,0,8,5,0,0,0.2545454545454545,3.8181818181818183
113,449797,453,Christian,Witzig,C. Witzig,MID,9.0,,3.9,0,9,131,0,,7,7,2452,20,10,43,10,,0,5,0,0,0,0,532,30,8,7,70,18,2,36,31,3,0,0.43333333333333335,14.555555555555555
114,452846,1269,Sinan,Karweina,S. Karweina,FWD,5.5,,2.2,0,2,48,0,,3,3,839,16,2,17,0,,0,1,0,0,1,0,224,13,3,2,70,3,0,22,8,0,0,0.4,8.727272727272727
115,453572,1748,Nino,Ziswiler,N. Ziswiler,GK,5.0,,0.0,0,0,0,0,,0,0,0,0,0,0,0,0.0,0,0,0,0,0,0,0,0,0,0,0,0,0,0,0,0,0,0.0,0.0
116,453574,1414,Jan,Kronig,J. Kronig,DEF,4.5,,1.1,0,0,17,0,,0,0,490,0,0,10,1,,13,1,0,0,0,0,108,2,0,0,69,3,3,4,5,0,0,0.24444444444444446,3.7777777777777777
117,454691,1414,Nias,Hefti,N. Hefti,DEF,4.5,,2.0,0,4,49,0,,0,0,1787,2,2,70,4,,32,3,0,0,0,0,428,9,12,2,68,21,7,19,27,0,0,0.4444444444444444,10.88888888888889
118,456448,1269,Ismajl,Beka,I. Beka,DEF,4.0,,0.0,0,0,0,0,,0,0,225,0,0,7,0,,6,3,0,0,0,0,38,0,0,1,84,5,3,1,5,0,1,0.0,0.0
119,457605,595,Nemanja,Tosic,N. Tosic,DEF,5.0,,0.9,0,0,9,0,,0,0,359,0,0,7,0,,8,0,0,0,0,0,60,1,1,0,78,2,1,5,3,0,0,0.18,1.8
120,461609,1748,Layton,Stewart,L. Stewart,FWD,5.5,,0.0,0,0,0,0,,0,0,0,0,0,0,0,,0,0,0,0,0,0,0,0,0,0,0,0,0,0,0,0,0,0.0,0.0
121,463370,249,Tomás,Verón Lupi,T. Verón Lupi,MID,5.5,,2.2,0,7,56,0,,3,3,835,9,10,25,2,,0,4,0,0,1,0,262,24,15,2,66,6,3,21,13,1,0,0.4,10.181818181818182
122,463746,3573,Antoine,Baroan,A. Baroan,FWD,6.0,,3.0,0,5,62,0,,5,3,1135,14,3,15,0,,0,2,1,0,0,0,285,15,0,5,67,4,2,23,10,2,0,0.5,10.333333333333334
123,465427,935,Ousmane,Doumbia,O. Doumbia,MID,6.0,,1.4,0,0,45,0,,0,1,1689,1,3,38,1,,0,7,0,0,0,0,373,11,1,1,77,24,13,25,16,0,0,0.2333333333333333,7.5
124,465428,210,Alexis,Antunes,A. Antunes,MID,6.0,,2.7,0,3,57,0,,2,3,1382,14,3,36,5,,0,3,1,0,0,0,308,20,3,2,79,11,0,43,26,0,0,0.45,9.5
125,466076,935,Shkelqim,Vladi,S. Vladi,FWD,6.5,,2.1,0,1,52,0,,4,3,761,12,1,0,0,,0,1,0,0,1,0,166,2,0,3,71,0,1,9,18,0,0,0.3230769230769231,8.0
126,466094,1963,Lewin,Blum,L. Blum,DEF,5.5,,2.5,0,9,71,0,,0,4,1809,1,7,60,4,,30,6,0,0,0,0,504,6,22,0,66,45,6,23,39,0,0,0.45454545454545453,12.909090909090908
127,469261,481,Moussa,Cissé,M. Cissé,DEF,4.5,,2.0,0,0,16,0,,0,1,451,0,0,6,1,,8,1,0,0,0,0,108,5,2,0,74,10,7,5,8,0,0,0.4444444444444444,3.5555555555555554
128,469318,490,Kevin,Mouanga,K. Mouanga,DEF,5.5,,2.6,0,8,67,0,,1,0,1804,2,1,48,6,,29,4,0,0,0,0,490,5,1,0,73,50,18,3,18,0,1,0.4727272727272727,12.181818181818182
129,469453,1414,Timothy,Fayulu,T. Fayulu,GK,6.0,,3.1,0,3,110,0,,0,1,3239,0,0,1,4,94.0,54,3,1,0,0,0,678,0,0,0,68,0,0,4,2,0,1,0.5166666666666667,18.333333333333332
130,470501,1963,Ebrima,Colley,E. Colley,FWD,6.5,,2.7,0,0,69,0,,3,8,1078,14,5,17,0,,0,4,0,0,0,0,303,13,2,9,77,1,2,8,15,0,0,0.4153846153846154,10.615384615384615
131,471850,1414,Ilyas,Chouaref,I. Chouaref,FWD,8.0,,3.4,0,16,124,0,,7,6,2803,28,5,55,0,,0,6,0,0,0,0,654,78,40,14,74,11,1,55,44,3,0,0.425,15.5
132,473882,1269,Jesper,Löfgren,J. Löfgren,DEF,4.5,,0.5,0,0,5,0,,0,0,559,0,0,6,0,,13,2,0,1,0,0,96,0,0,0,83,5,5,0,5,0,1,0.1111111111111111,1.1111111111111112
133,473957,210,Anthony,Baron,A. Baron,DEF,5.0,,2.5,0,6,64,0,,2,1,1741,3,1,27,2,,31,1,0,0,0,0,488,6,32,0,80,15,5,4,6,2,0,0.5,12.8
134,477368,481,Léo,Leroy,L. Leroy,MID,6.0,,2.6,0,9,93,0,,3,3,2184,13,3,62,7,,0,7,0,0,0,0,558,31,8,0,78,30,6,33,39,0,0,0.43333333333333335,15.5
135,477619,490,Kaly,Sène,K. Sène,FWD,7.5,,2.8,0,6,97,0,,7,6,1678,17,7,18,0,,0,7,0,0,0,0,381,15,4,11,68,3,0,34,29,0,0,0.3733333333333333,12.933333333333334
136,481176,453,Mihailo,Stevanovic,M. Stevanovic,MID,6.0,,1.6,0,0,40,0,,0,0,1662,2,0,43,2,,0,3,0,0,0,0,334,7,0,0,80,33,8,22,20,0,0,0.26666666666666666,6.666666666666667
137,481181,595,Nils,Reichmuth,N. Reichmuth,MID,6.5,,0.0,0,0,0,0,,0,0,0,0,0,0,0,,0,0,0,0,0,0,0,0,0,0,0,0,0,0,0,0,0,0.0,0.0
138,485025,935,Amir,Saipi,A. Saipi,GK,6.0,,3.4,0,3,117,0,,0,0,3029,0,0,3,5,99.0,47,3,0,0,0,1,740,0,0,0,79,1,0,1,3,0,0,0.5666666666666667,19.5
139,485339,490,Koba,Koindredi,K. Koindredi,MID,6.5,,2.5,0,5,81,0,,1,7,1968,8,7,41,6,,0,7,0,0,0,0,496,31,39,0,79,25,4,29,30,1,0,0.38461538461538464,12.461538461538462
140,486419,1963,Kastriot,Imeri,K. Imeri,MID,5.0,,1.5,0,0,35,0,,1,2,734,2,5,11,2,,0,3,0,0,0,0,171,3,17,2,83,6,2,24,7,1,0,0.3,7.0
141,486430,490,Bryan,Okoh,B. Okoh,DEF,6.5,,0.0,0,0,0,0,,0,0,0,0,0,0,0,,0,0,0,0,0,0,0,0,0,0,0,0,0,0,0,0,0,0.0,0.0
142,486890,481,Philip,Otele,P. Otele,MID,8.0,,5.3,0,5,95,0,,9,5,1020,22,4,9,4,,0,1,0,0,0,0,350,31,6,5,73,4,1,19,11,0,0,0.6625,11.875
143,487366,453,Betim,Fazliji,B. Fazliji,MID,4.5,,0.8,0,0,4,0,,0,0,101,0,0,4,0,,0,1,0,0,0,0,19,1,0,0,73,1,1,2,1,0,0,0.17777777777777778,0.8888888888888888
144,487476,1963,Darian,Males,D. Males,MID,7.5,,3.3,0,7,92,0,,6,4,1564,19,4,24,3,,0,3,0,0,0,0,386,6,19,4,74,7,1,28,26,0,0,0.44,12.266666666666667
145,488055,490,Manuel,Polster,M. Polster,FWD,5.0,,1.0,0,0,13,0,,0,0,199,0,1,2,0,,0,1,0,0,0,0,46,5,1,0,59,3,0,3,5,0,0,0.2,2.6
146,488423,453,Hugo,Vandermersch,H. Vandermersch,DEF,5.5,,2.5,0,5,76,0,,1,1,2512,7,5,58,5,,37,4,1,0,0,0,532,21,17,0,70,29,7,38,34,0,1,0.45454545454545453,13.818181818181818
147,491482,3573,Matteo,Di Giusto,M. Di Giusto,MID,8.5,,3.9,0,11,149,0,,8,5,2869,26,5,42,12,,0,0,0,0,0,0,718,28,23,4,77,17,1,39,19,2,1,0.4588235294117647,17.529411764705884
148,492370,3573,Josias,Lukembila,J. Lukembila,MID,6.0,,2.5,0,2,66,0,,3,3,1124,11,5,19,4,,0,1,0,0,0,0,245,15,5,2,62,4,2,23,18,0,0,0.4166666666666667,11.0
149,493117,1414,Gabriele,Mulazzi,G. Mulazzi,DEF,4.0,,0.0,0,0,0,0,,0,0,0,0,0,0,0,,0,0,0,0,0,0,0,0,0,0,0,0,0,0,0,0,0,0.0,0.0
150,493324,453,Behar,Neziri,B. Neziri,MID,4.5,,0.0,0,0,0,0,,0,0,0,0,0,0,0,,0,0,0,0,0,0,0,0,0,0,0,0,0,0,0,0,0,0.0,0.0
151,498132,481,Adrian,Barisic,A. Barisic,DEF,6.0,,3.3,0,12,99,0,,1,1,2424,4,1,61,9,,29,5,0,1,0,0,707,9,3,0,84,40,32,16,22,0,0,0.5499999999999999,16.5
152,498512,935,Hadj,Mahmoud,H. Mahmoud,MID,6.0,,2.5,0,3,62,0,,4,0,1464,11,0,42,5,,0,0,1,0,0,0,331,7,1,1,86,7,3,10,30,0,0,0.4166666666666667,10.333333333333334
153,502633,1748,Ashvin,Balaruban,A. Balaruban,DEF,4.5,,0.0,0,0,0,0,,0,0,0,0,0,0,0,,0,0,0,0,0,0,0,0,0,0,0,0,0,0,0,0,0,0.0,0.0
154,503093,481,Juan,Gauto,J. Gauto,FWD,5.5,,1.0,0,0,1,0,,0,0,24,0,0,1,0,,0,0,0,0,0,0,8,0,0,0,90,0,0,0,0,0,0,0.18181818181818182,0.18181818181818182
155,505239,249,Maksim,Paskotsi,M. Paskotsi,DEF,5.0,,2.4,0,4,60,0,,1,0,1943,5,0,21,4,,26,4,0,0,0,0,397,2,0,0,72,28,25,1,27,0,0,0.48,12.0
156,507929,490,Jamie,Roche,J. Roche,MID,6.0,,2.7,0,3,93,0,,2,2,2932,16,2,70,10,,0,3,0,0,0,0,641,13,2,0,82,46,8,22,30,1,0,0.45,15.5
157,508793,481,Nicolas,Vouilloz,N. Vouilloz,DEF,5.5,,2.8,0,1,56,0,,1,0,1625,1,0,20,6,,20,5,0,0,0,0,412,2,0,0,88,22,15,25,15,0,0,0.509090909090909,10.181818181818182
158,509201,481,Kevin,Carlos,K. Carlos,FWD,8.0,,3.5,0,7,123,0,,13,4,2076,42,3,6,0,,0,5,0,0,0,0,418,14,3,14,68,2,2,39,49,1,0,0.4375,15.375
159,509479,1269,Tyron,Owusu,T. Owusu,MID,4.5,,1.9,0,1,61,0,,1,2,1743,6,1,24,4,,0,2,0,0,0,0,329,19,1,1,79,11,5,41,12,0,0,0.4222222222222222,13.555555555555555
160,509567,490,Alban,Ajdini,A. Ajdini,FWD,7.0,,2.9,0,8,89,0,,6,3,1634,18,2,11,0,,0,0,0,0,0,0,355,9,3,1,68,2,0,17,15,1,0,0.41428571428571426,12.714285714285714
161,509576,1963,Lukasz,Lakomy,L. Lakomy,MID,5.5,,1.5,0,1,42,0,,0,0,1419,13,4,40,3,,0,3,0,0,0,0,379,10,31,1,81,23,4,15,22,0,0,0.2727272727272727,7.636363636363637
162,509577,935,Georgios,Koutsias,G. Koutsias,FWD,6.0,,3.1,0,5,61,0,,6,0,1241,22,3,6,0,,0,2,0,0,0,0,264,11,2,16,78,1,1,11,10,0,0,0.5166666666666667,10.166666666666666
163,511031,1414,Dejan,Djokic,D. Djokic,FWD,5.0,,1.6,0,1,36,0,,2,0,623,6,1,7,0,,0,0,0,0,0,0,132,6,1,2,86,2,0,14,9,0,0,0.32,7.2
164,511293,935,Yanis,Cimignani,Y. Cimignani,MID,7.0,,2.4,0,7,78,0,,3,4,1621,16,6,20,4,,0,5,0,0,0,0,347,24,15,6,80,13,1,23,20,0,1,0.34285714285714286,11.142857142857142
165,512123,1963,Jaouen,Hadjam,J. Hadjam,DEF,6.5,,3.1,0,15,110,0,,2,4,2506,7,8,78,7,,32,4,1,0,0,0,670,53,14,0,81,51,4,49,30,0,0,0.47692307692307695,16.923076923076923
166,512300,935,Sebastian,Osigwe,S. Osigwe,GK,4.5,,3.4,0,2,17,0,,0,0,391,0,0,0,0,15.0,11,1,0,0,0,1,92,0,0,0,65,0,0,1,0,0,0,0.7555555555555555,3.7777777777777777
167,513352,935,Alexandre,Duville-Parsemain,A. Duville-Parsemain,FWD,4.0,,0.0,0,0,0,0,,0,0,0,0,0,0,0,,0,0,0,0,0,0,0,0,0,0,0,0,0,0,0,0,0,0.0,0.0
168,513432,481,Anton,Kade,A. Kade,MID,7.0,,3.0,0,12,108,0,,4,4,2340,22,6,75,8,,0,5,0,0,0,0,567,39,8,6,76,26,2,34,37,1,0,0.42857142857142855,15.428571428571429
169,514116,935,Albian,Hajdari,A. Hajdari,DEF,5.0,,1.9,0,3,58,0,,1,1,2382,3,2,55,4,,41,10,0,1,0,0,564,2,3,1,85,34,26,34,32,0,1,0.38,11.6
170,514782,3573,Stéphane,Cueni,S. Cueni,MID,5.0,,1.2,0,0,15,0,,0,0,415,2,0,12,0,,0,0,0,0,0,0,67,0,0,1,72,4,2,7,8,0,0,0.24,3.0
171,515677,1963,Joël,Monteiro,J. Monteiro,FWD,8.0,,3.4,0,13,92,0,,7,3,1891,20,4,37,0,,0,0,1,0,0,0,421,50,5,0,71,14,2,22,39,1,1,0.425,11.5
172,517706,210,Keigo,Tsunemoto,K. Tsunemoto,DEF,7.0,,3.3,0,17,118,0,,1,4,3139,7,1,92,8,,50,3,0,1,0,0,835,19,30,0,80,73,13,70,29,0,0,0.4714285714285714,16.857142857142858
173,518479,453,Nikolaj,Möller,N. Möller,FWD,5.0,,1.0,0,0,1,0,,0,0,12,0,0,0,0,,0,0,0,0,0,0,2,0,0,0,50,0,0,0,0,0,0,0.2,0.2
174,519754,490,Alvyn,Sanches,A. Sanches,MID,8.5,,5.6,0,20,158,0,,12,6,2371,29,4,59,8,,0,3,0,0,0,0,682,63,7,3,80,17,2,63,37,3,0,0.6588235294117647,18.58823529411765
175,520898,3573,Carmine,Chiappetta,C. Chiappetta,MID,4.5,,1.3,0,0,10,0,,0,0,326,1,1,8,1,,0,2,0,0,0,0,50,4,1,0,71,3,0,13,4,0,1,0.2888888888888889,2.2222222222222223
176,523957,481,Bénie,Traoré,B. Traoré,FWD,9.0,,4.7,0,24,170,0,,13,12,2411,34,14,40,0,,0,3,1,0,0,0,767,58,7,10,73,17,1,48,32,1,0,0.5222222222222223,18.88888888888889
177,530287,1414,Théo,Berdayes,T. Berdayes,FWD,6.5,,2.9,0,11,106,0,,4,7,2339,16,5,59,0,,0,2,0,0,0,0,534,14,3,2,70,9,1,15,14,1,0,0.4461538461538461,16.307692307692307
178,531083,1269,Donat,Rrudhani,D. Rrudhani,MID,7.5,,4.8,0,22,150,0,,9,9,2189,20,7,33,7,,0,6,0,0,0,0,662,27,62,2,78,10,0,36,26,0,0,0.64,20.0
179,531451,595,Daniel,Afriyie,D. Afriyie,FWD,6.0,,0.8,0,0,5,0,,0,0,153,1,0,3,0,,0,2,0,0,0,0,15,0,0,2,47,1,0,5,3,0,0,0.13333333333333333,0.8333333333333334
180,532019,3573,Adrian,Durrer,A. Durrer,MID,5.0,,1.4,0,0,26,0,,0,2,734,4,1,21,2,,0,5,0,0,0,0,135,3,0,1,70,7,1,7,12,0,0,0.27999999999999997,5.2
181,532366,481,Emmanuel,Essiam,E. Essiam,MID,4.0,,1.0,0,0,1,0,,0,0,19,0,0,0,0,,0,0,0,0,0,0,9,0,0,0,86,0,0,0,0,0,0,0.25,0.25
182,532564,481,Andrin,Hunziker,A. Hunziker,FWD,5.5,,0.0,0,0,0,0,,0,0,0,0,0,0,0,,0,0,0,0,0,0,0,0,0,0,0,0,0,0,0,0,0,0.0,0.0
183,533330,935,Ahmed,Kendouci,A. Kendouci,MID,7.0,,0.0,0,0,0,0,,0,0,0,0,0,0,0,,0,0,0,0,0,0,0,0,0,0,0,0,0,0,0,0,0,0.0,0.0
184,533833,1963,Miguel,Chaiwa,M. Chaiwa,MID,5.0,,1.1,0,0,11,0,,0,0,431,2,0,15,0,,0,1,0,0,0,0,90,2,0,0,77,8,0,6,7,0,0,0.22000000000000003,2.2
185,533847,595,Joseph,Sabobo,J. Sabobo,MID,5.0,,1.7,0,0,12,0,,1,0,161,2,0,2,0,,0,1,0,0,0,0,41,1,1,0,81,0,0,1,5,0,0,0.33999999999999997,2.4
186,534671,249,Lee,Young-Jun,L. Young-Jun,FWD,6.0,,3.0,0,3,59,0,,3,4,1348,7,2,11,0,,0,4,0,0,0,0,227,5,1,16,66,8,3,28,26,0,0,0.5,9.833333333333334
187,535211,249,Florian,Hoxha,F. Hoxha,DEF,4.5,,0.0,0,0,0,0,,0,0,0,0,0,0,0,,0,0,0,0,0,0,0,0,0,0,0,0,0,0,0,0,0,0.0,0.0
188,535214,1414,Rilind,Nivokazi,R. Nivokazi,FWD,6.5,,0.0,0,0,0,0,,0,0,0,0,0,0,0,,0,0,0,0,0,0,0,0,0,0,0,0,0,0,0,0,0,0.0,0.0
189,536255,249,Nikolas,Muci,N. Muci,FWD,7.0,,2.3,0,9,82,0,,7,1,1390,23,2,21,0,,0,3,0,0,0,0,313,16,6,7,62,7,3,23,40,0,0,0.32857142857142857,11.714285714285714
190,538153,249,Noah,Persson,N. Persson,DEF,5.5,,2.5,0,6,86,0,,1,1,2655,4,4,31,6,,39,2,0,0,0,0,534,17,23,1,63,31,17,13,33,0,0,0.45454545454545453,15.636363636363637
191,539492,935,Daniel,Dos Santos,D. Dos Santos,MID,6.0,,1.9,0,0,54,0,,0,3,1410,16,5,25,3,,0,2,0,0,0,0,274,30,3,8,81,8,0,10,18,0,0,0.31666666666666665,9.0
192,541135,1414,Belmar,Joseph,B. Joseph,MID,4.0,,1.0,0,0,3,0,,0,0,27,0,0,1,0,,0,0,0,0,0,0,11,0,0,0,70,0,0,0,0,0,0,0.25,0.75
193,543178,1748,Elmin,Rastoder,E. Rastoder,FWD,6.0,,0.0,0,0,0,0,,0,0,0,0,0,0,0,,0,0,0,0,0,0,0,0,0,0,0,0,0,0,0,0,0,0.0,0.0
194,543180,1748,Fabio,Fehr,F. Fehr,MID,5.0,,0.0,0,0,0,0,,0,0,0,0,0,0,0,,0,0,0,0,0,0,0,0,0,0,0,0,0,0,0,0,0,0.0,0.0
195,543182,3573,Randy,Schneider,R. Schneider,MID,6.0,,2.2,0,5,71,0,,1,4,1755,9,2,47,5,,0,5,0,0,0,0,379,23,4,0,77,18,5,26,32,1,0,0.3666666666666667,11.833333333333334
196,543247,1748,Mathías,Tomás,M. Tomás,MID,4.5,,0.0,0,0,0,0,,0,0,0,0,0,0,0,,0,0,0,0,0,0,0,0,0,0,0,0,0,0,0,0,0,0.0,0.0
197,543292,1269,Pascal,Loretz,P. Loretz,GK,6.5,,3.5,0,5,132,0,,0,0,3375,0,0,0,8,110.0,62,2,0,0,0,0,852,0,0,0,78,0,0,7,0,0,1,0.5384615384615384,20.307692307692307
198,543293,1269,Severin,Ottiger,S. Ottiger,DEF,5.0,,1.5,0,2,45,0,,1,3,1348,5,4,33,1,,28,4,0,1,0,0,319,13,11,1,71,15,7,11,22,0,0,0.3,9.0
199,543302,595,Damienus,Reverson,D. Reverson,FWD,5.5,,2.5,0,3,30,0,,4,0,291,4,0,4,0,,0,1,0,0,0,0,127,3,0,2,52,0,0,2,11,0,0,0.45454545454545453,5.454545454545454
200,544874,935,Fotios,Pseftis,F. Pseftis,GK,3.5,,0.0,0,0,0,0,,0,0,0,0,0,0,0,0.0,0,0,0,0,0,0,0,0,0,0,0,0,0,0,0,0,0,0.0,0.0
201,544883,935,Mattia,Zanotti,M. Zanotti,DEF,6.0,,3.1,0,7,83,0,,0,10,2199,11,2,55,4,,38,8,0,0,0,0,525,18,15,2,80,17,8,70,44,0,0,0.5166666666666667,13.833333333333334
202,545308,935,Serif,Berbic,S. Berbic,GK,4.5,,0.0,0,0,0,0,,0,0,0,0,0,0,0,0.0,0,0,0,0,0,0,0,0,0,0,0,0,0,0,0,0,0,0.0,0.0
203,545318,1414,Liam,Chipperfield,L. Chipperfield,MID,5.5,,2.4,0,4,43,0,,0,4,636,5,4,14,4,,0,1,0,0,0,0,207,11,19,1,76,1,0,15,9,0,0,0.43636363636363634,7.818181818181818
204,545393,481,Tim,Spycher,T. Spycher,GK,4.5,,0.0,0,0,0,0,,0,0,0,0,0,0,0,0.0,0,0,0,0,0,0,0,0,0,0,0,0,0,0,0,0,0,0.0,0.0
205,546744,1963,Tanguy,Zoukrou,T. Zoukrou,DEF,4.5,,1.6,0,0,22,0,,0,0,959,0,0,13,2,,16,2,1,0,0,0,213,2,0,0,82,14,10,3,8,0,0,0.35555555555555557,4.888888888888889
206,546774,1414,Noé,Sow,N. Sow,DEF,5.0,,1.8,0,4,33,0,,0,0,1446,2,1,51,1,,13,4,1,0,0,0,342,8,0,0,76,17,9,7,16,0,0,0.36,6.6
207,546788,490,Karim,Sow,K. Sow,DEF,5.0,,2.8,0,6,83,0,,1,2,2320,7,1,58,7,,34,7,1,0,0,0,588,5,0,4,78,32,23,17,20,0,0,0.5599999999999999,16.6
208,547321,1269,Julian,Bock,J. Bock,GK,3.5,,0.0,0,0,0,0,,0,0,0,0,0,0,0,0.0,0,0,0,0,0,0,0,0,0,0,0,0,0,0,0,0,0,0.0,0.0
209,548967,481,Adriano,Onyegbule,A. Onyegbule,MID,4.0,,0.0,0,0,0,0,,0,0,0,0,0,0,0,,0,0,0,0,0,0,0,0,0,0,0,0,0,0,0,0,0,0.0,0.0
210,550893,1963,Ardian,Bajrami,A. Bajrami,GK,3.5,,0.0,0,0,0,0,,0,0,0,0,0,0,0,0.0,0,0,0,0,0,0,0,0,0,0,0,0,0,0,0,0,0,0.0,0.0
211,550911,3573,Elias,Maluvunu,E. Maluvunu,MID,4.0,,1.0,0,0,2,0,,0,0,60,0,0,5,0,,0,0,0,0,0,0,15,0,0,0,62,2,0,0,0,0,0,0.25,0.5
212,551225,935,Martim,Marques,M. Marques,DEF,5.0,,2.5,0,6,58,0,,1,0,1589,5,3,50,4,,22,4,0,0,0,0,390,14,9,3,79,20,5,14,21,0,0,0.5,11.6
213,551262,595,Jahnoah,Markelo,J. Markelo,FWD,7.0,,3.1,0,7,81,0,,4,6,1446,11,7,22,4,,0,3,0,0,0,0,387,36,19,4,72,9,2,34,21,2,0,0.4428571428571429,11.571428571428571
214,551442,453,Enoch,Owusu,E. Owusu,MID,5.0,,0.0,0,0,0,0,,0,0,0,0,0,0,0,,0,0,0,0,0,0,0,0,0,0,0,0,0,0,0,0,0,0.0,0.0
215,551978,1414,Théo,Bouchlarhem,T. Bouchlarhem,MID,6.0,,2.2,0,5,76,0,,2,5,1739,11,4,48,5,,0,4,1,0,0,0,287,27,6,8,66,11,1,56,41,0,0,0.3666666666666667,12.666666666666666
216,554453,481,Roméo,Beney,R. Beney,FWD,4.0,,0.7,0,0,2,0,,0,0,56,0,0,0,0,,0,1,0,0,0,0,7,1,0,0,81,0,0,0,1,0,0,0.175,0.5
217,554461,3573,Labinot,Bajrami,L. Bajrami,FWD,5.5,,2.0,0,2,42,0,,4,0,625,7,1,4,0,,0,1,0,0,0,0,161,1,0,4,58,0,0,8,2,0,0,0.36363636363636365,7.636363636363637
218,554464,595,Nevio,Di Giusto,N. Di Giusto,MID,4.0,,1.0,0,0,3,0,,0,0,7,0,0,1,0,,0,0,0,0,0,0,12,0,1,0,44,0,0,0,0,0,0,0.25,0.75
219,554467,595,Silas,Huber,S. Huber,GK,3.5,,0.0,0,0,0,0,,0,0,0,0,0,0,0,0.0,0,0,0,0,0,0,0,0,0,0,0,0,0,0,0,0,0,0.0,0.0
220,554468,595,Calixte,Ligue,C. Ligue,FWD,4.5,,1.6,0,0,44,0,,0,1,1983,1,1,50,0,,0,4,0,0,0,0,370,22,7,0,75,33,9,22,27,0,0,0.35555555555555557,9.777777777777779
221,554471,3573,Antonio,Spagnoli,A. Spagnoli,GK,3.5,,0.0,0,0,0,0,,0,0,0,0,0,0,0,0.0,0,0,0,0,0,0,0,0,0,0,0,0,0,0,0,0,0,0.0,0.0
222,555917,249,Simone,Stroscio,S. Stroscio,MID,4.0,,0.8,0,0,3,0,,0,0,63,0,0,0,0,,0,1,0,0,0,0,9,0,0,0,73,3,1,1,3,0,0,0.2,0.75
223,557020,1269,Kevin,Spadanuda,K. Spadanuda,MID,6.0,,2.3,0,0,84,0,,4,5,1680,15,3,40,3,,0,2,0,0,1,0,390,25,5,1,79,16,4,50,23,0,0,0.3833333333333333,14.0
224,557107,3573,Brian,Beyer,B. Beyer,FWD,5.0,,0.0,0,0,0,0,,0,0,0,0,0,0,0,,0,0,0,0,0,0,0,0,0,0,0,0,0,0,0,0,0,0.0,0.0
225,557668,249,Evans,Maurin,E. Maurin,FWD,5.0,,1.5,0,0,23,0,,1,1,744,6,2,18,0,,0,5,0,0,0,0,119,5,6,1,70,6,0,11,24,0,0,0.3,4.6
226,559798,5194,Dion,Kacuri,D. Kacuri,MID,4.5,,1.4,0,0,23,0,,0,1,716,0,0,18,2,,0,3,0,0,0,0,141,9,2,1,81,7,4,6,9,0,0,0.3111111111111111,5.111111111111111
227,559971,595,Cosimo,Fiorini,C. Fiorini,MID,4.0,,1.0,0,0,4,0,,0,0,116,0,0,2,0,,0,0,0,0,0,0,20,0,0,0,77,1,1,1,2,0,0,0.25,1.0
228,560534,595,Miguel,Reichmuth,M. Reichmuth,MID,4.5,,1.5,0,1,19,0,,0,0,653,0,0,24,1,,0,1,0,0,0,0,146,8,1,0,80,7,2,10,7,0,0,0.3333333333333333,4.222222222222222
229,560535,1269,Mauricio,Willimann,M. Willimann,DEF,4.5,,0.0,0,0,0,0,,0,0,0,0,0,0,0,,0,0,0,0,0,0,0,0,0,0,0,0,0,0,0,0,0,0.0,0.0
230,560536,210,Théo,Magnin,T. Magnin,DEF,5.0,,2.2,0,9,58,0,,0,1,1537,3,0,53,4,,27,2,0,0,0,0,378,14,9,0,72,26,2,21,16,0,0,0.44000000000000006,11.6
231,564153,453,Tom,Gaal,T. Gaal,DEF,5.5,,0.0,0,0,0,0,,0,0,0,0,0,0,0,,0,0,0,0,0,0,0,0,0,0,0,0,0,0,0,0,0,0.0,0.0
232,564601,490,Beyatt,Lekoueiry,B. Lekoueiry,MID,5.0,,1.4,0,0,13,0,,0,1,315,0,0,5,0,,0,1,0,0,0,0,49,3,0,0,78,0,0,5,5,0,0,0.27999999999999997,2.6
233,568404,249,Jonathan Asp,Jensen,J. Jensen,MID,5.5,,0.0,0,0,0,0,,0,0,0,0,0,0,0,,0,0,0,0,0,0,0,0,0,0,0,0,0,0,0,0,0,0.0,0.0
234,569716,1963,Théo,Golliard,T. Golliard,MID,5.0,,0.0,0,0,0,0,,0,0,0,0,0,0,0,,0,0,0,0,0,0,0,0,0,0,0,0,0,0,0,0,0,0.0,0.0
235,576358,490,Diogo,Carraco,D. Carraco,MID,4.5,,0.6,0,0,5,0,,0,0,233,2,0,12,0,,0,1,1,0,0,0,36,3,1,0,79,2,1,5,7,0,0,0.13333333333333333,1.1111111111111112
236,578329,481,Finn,van Breemen,F. van Breemen,DEF,5.5,,2.3,0,2,35,0,,0,0,734,1,1,18,4,,7,2,0,0,0,0,232,2,3,0,81,10,6,4,11,0,0,0.41818181818181815,6.363636363636363
237,580095,595,Selmin,Hodza,S. Hodza,DEF,4.0,,1.0,0,0,2,0,,0,0,54,0,0,3,0,,0,0,0,0,0,0,11,0,0,0,86,1,0,0,1,0,0,0.25,0.5
238,581185,481,Jonas,Adjetey,J. Adjetey,DEF,6.0,,3.1,0,11,99,0,,0,0,2599,0,0,62,10,,35,2,0,0,0,0,762,7,0,0,87,35,38,9,17,0,1,0.5166666666666667,16.5
239,581511,1963,Marvin,Keller,M. Keller,GK,7.5,,5.5,0,9,115,0,,0,0,1890,0,0,0,7,72.0,21,1,0,0,0,2,539,1,0,0,75,0,0,3,0,0,1,0.7333333333333333,15.333333333333334
240,581852,481,Marin,Soticek,M. Soticek,MID,6.0,,2.1,0,0,60,0,,4,3,868,7,2,14,0,,0,1,0,0,0,0,199,15,0,1,76,11,3,23,22,0,0,0.35000000000000003,10.0
241,588170,481,Gabriel,Sigua,G. Sigua,MID,4.5,,1.0,0,0,16,0,,0,0,280,1,1,7,0,,0,1,0,0,0,0,48,3,1,0,54,1,1,6,8,0,0,0.2222222222222222,3.5555555555555554
242,590676,3573,Christian,Gomis,C. Gomis,FWD,5.5,,2.5,0,6,68,0,,5,1,1586,12,0,16,0,,0,3,0,0,0,0,286,15,2,10,72,2,1,32,20,1,0,0.45454545454545453,12.363636363636363
243,591971,935,Diego,Mina,D. Mina,GK,3.5,,0.0,0,0,0,0,,0,0,0,0,0,0,0,0.0,0,0,0,0,0,0,0,0,0,0,0,0,0,0,0,0,0,0.0,0.0
244,596083,3573,Ledjan,Sahitaj,L. Sahitaj,DEF,4.5,,2.2,0,0,11,0,,0,0,242,0,0,6,2,,2,3,0,0,0,0,58,0,0,0,74,4,0,2,5,0,0,0.48888888888888893,2.4444444444444446
245,596085,249,Laurent,Seji,L. Seji,GK,3.5,,0.0,0,0,0,0,,0,0,0,0,0,0,0,0.0,0,0,0,0,0,0,0,0,0,0,0,0,0,0,0,0,0,0.0,0.0
246,596390,935,Ayman,El Wafi,A. El Wafi,DEF,4.5,,1.7,0,0,20,0,,0,0,836,1,0,11,2,,14,2,0,1,0,0,180,5,1,1,85,11,5,10,10,0,0,0.37777777777777777,4.444444444444445
247,601494,249,Nicolas,Glaus,N. Glaus,GK,3.5,,0.0,0,0,0,0,,0,0,0,0,0,0,0,0.0,0,0,0,0,0,0,0,0,0,0,0,0,0,0,0,0,0,0.0,0.0
248,603613,453,Noah,Yannick,N. Yannick,MID,4.5,,1.4,0,1,14,0,,1,0,531,1,0,9,0,,0,2,1,1,0,0,88,3,0,0,76,5,3,1,10,1,0,0.3111111111111111,3.111111111111111
249,604962,595,Umeh,Emmanuel,U. Emmanuel,FWD,5.5,,1.7,0,0,48,0,,1,4,1210,11,1,13,0,,0,1,1,0,0,0,192,28,4,4,65,3,1,6,17,0,0,0.3090909090909091,8.727272727272727
250,610645,1963,Mats,Seiler,M. Seiler,DEF,4.0,,0.0,0,0,0,0,,0,0,0,0,0,0,0,,0,0,0,0,0,0,0,0,0,0,0,0,0,0,0,0,0,0.0,0.0
251,610676,1269,Diego,Heller,D. Heller,GK,4.0,,0.0,0,0,0,0,,0,0,0,0,0,0,0,0.0,0,0,0,0,0,0,0,0,0,0,0,0,0,0,0,0,0,0.0,0.0
252,612730,249,Imourane,Hassane,I. Hassane,MID,5.0,,1.4,0,1,20,0,,0,0,969,1,0,44,1,,0,3,1,0,0,0,207,3,0,0,74,15,6,5,23,0,0,0.27999999999999997,4.0
253,616492,490,Dircssi,Ngonzo,D. Ngonzo,DEF,4.0,,1.0,0,0,2,0,,0,0,9,0,0,2,0,,1,0,0,0,0,0,10,0,0,0,100,0,0,0,0,0,0,0.25,0.5
254,616497,490,Tim,Hottiger,T. Hottiger,GK,4.0,,0.0,0,0,0,0,,0,0,0,0,0,0,0,0.0,0,0,0,0,0,0,0,0,0,0,0,0,0,0,0,0,0,0.0,0.0
255,616936,1269,Lars,Villiger,L. Villiger,FWD,7.5,,3.0,0,13,115,0,,7,7,2078,17,8,16,0,,0,3,0,0,1,0,429,11,1,9,65,6,1,35,43,0,0,0.4,15.333333333333334
256,619777,481,Marvin,Akahomen,M. Akahomen,DEF,4.0,,0.5,0,0,1,0,,0,0,25,1,0,0,0,,0,1,0,0,0,0,3,0,0,0,94,0,0,0,1,0,0,0.125,0.25
257,619778,1269,Iwan,Hegglin,I. Hegglin,MID,4.5,,0.0,0,0,0,0,,0,0,0,0,0,0,0,,0,0,0,0,0,0,0,0,0,0,0,0,0,0,0,0,0,0.0,0.0
258,620564,595,Cheveyo,Tsawa,C. Tsawa,MID,5.0,,2.9,0,6,47,0,,3,2,1000,7,2,24,3,,0,7,0,0,0,0,192,0,1,0,84,9,4,10,40,0,0,0.58,9.4
259,620565,453,Corsin,Konietzke,C. Konietzke,MID,5.5,,2.1,0,0,35,0,,0,2,857,3,4,35,3,,0,1,0,0,0,0,226,8,1,1,77,6,1,13,14,0,0,0.38181818181818183,6.363636363636363
260,620566,481,Junior,Zé,J. Zé,MID,4.0,,0.0,0,0,0,0,,0,0,0,0,0,0,0,,0,0,0,0,0,0,0,0,0,0,0,0,0,0,0,0,0,0.0,0.0
261,620577,1963,Rhodri,Smith,R. Smith,DEF,4.5,,0.0,0,0,0,0,,0,0,0,0,0,0,0,,0,0,0,0,0,0,0,0,0,0,0,0,0,0,0,0,0,0.0,0.0
262,620582,453,Jason,Parente,J. Parente,MID,4.0,,0.0,0,0,0,0,,0,0,0,0,0,0,0,,0,0,0,0,0,0,0,0,0,0,0,0,0,0,0,0,0,0.0,0.0
263,621219,210,Loun,Srdanovic,L. Srdanovic,DEF,4.5,,1.0,0,0,2,0,,0,0,12,0,0,1,0,,2,0,0,0,0,0,8,1,0,0,78,0,0,1,2,0,0,0.2222222222222222,0.4444444444444444
264,621362,1269,Ruben,Fernandes,R. Fernandes,DEF,4.5,,2.1,0,2,23,0,,0,1,676,2,0,12,1,,11,0,0,0,0,0,164,6,11,1,73,10,1,5,6,0,0,0.4666666666666667,5.111111111111111
265,622645,1748,Lucien,Dähler,L. Dähler,DEF,4.5,,0.0,0,0,0,0,,0,0,0,0,0,0,0,,0,0,0,0,0,0,0,0,0,0,0,0,0,0,0,0,0,0.0,0.0
266,622647,1748,Valmir,Matoshi,V. Matoshi,MID,5.0,,0.0,0,0,0,0,,0,0,0,0,0,0,0,,0,0,0,0,0,0,0,0,0,0,0,0,0,0,0,0,0,0.0,0.0
267,622748,1963,Zachary,Athekame,Z. Athekame,DEF,5.0,,2.1,0,7,64,0,,0,2,1761,3,6,51,4,,21,6,0,0,0,0,451,11,27,0,71,33,13,21,31,0,0,0.42000000000000004,12.8
268,622753,1414,Islem,Chouik,I. Chouik,MID,4.0,,0.0,0,0,0,0,,0,0,0,0,0,0,0,,0,0,0,0,0,0,0,0,0,0,0,0,0,0,0,0,0,0.0,0.0
269,624207,210,Tiemoko,Ouattara,T. Ouattara,FWD,5.0,,1.3,0,0,28,0,,1,1,585,10,0,18,0,,0,3,0,0,0,0,111,15,2,2,65,4,1,8,12,0,0,0.26,5.6
270,624232,490,Seydou,Traore,S. Traore,FWD,4.0,,0.0,0,0,0,0,,0,0,0,0,0,0,0,,0,0,0,0,0,0,0,0,0,0,0,0,0,0,0,0,0,0.0,0.0
271,624262,3573,Loïc,Lüthi,L. Lüthi,DEF,6.0,,3.5,0,13,92,0,,2,0,2340,8,0,33,10,,43,3,0,2,0,0,619,6,0,0,84,32,21,20,14,0,0,0.5833333333333334,15.333333333333334
272,625930,1963,Facinet,Conte,F. Conte,FWD,4.5,,0.0,0,0,0,0,,0,0,0,0,0,0,0,,0,0,0,0,0,0,0,0,0,0,0,0,0,0,0,0,0,0.0,0.0
273,626070,3573,Albin,Krasniqi,A. Krasniqi,FWD,4.5,,0.8,0,0,4,0,,0,0,112,0,0,1,0,,0,1,0,0,0,0,7,1,0,0,55,0,0,2,3,0,0,0.17777777777777778,0.8888888888888888
274,626370,1748,Marc,Gutbub,M. Gutbub,FWD,6.5,,0.0,0,0,0,0,,0,0,0,0,0,0,0,,0,0,0,0,0,0,0,0,0,0,0,0,0,0,0,0,0,0.0,0.0
275,626422,249,Tim,Meyer,T. Meyer,DEF,5.0,,1.9,0,2,52,0,,0,1,1685,2,0,57,4,,24,5,0,0,0,0,379,13,1,2,77,25,15,11,19,0,1,0.38,10.4
276,626842,481,Tim,Pfeiffer,T. Pfeiffer,GK,3.5,,0.0,0,0,0,0,,0,0,0,0,0,0,0,0.0,0,0,0,0,0,0,0,0,0,0,0,0,0,0,0,0,0,0.0,0.0
277,627208,490,Sékou,Fofana,S. Fofana,DEF,4.5,,2.0,0,0,18,0,,0,0,365,2,0,8,2,,4,0,0,1,0,0,94,2,3,1,48,2,1,2,0,0,0,0.4444444444444444,4.0
278,628929,210,Marwan,Aubert,M. Aubert,GK,3.5,,0.0,0,0,0,0,,0,0,0,0,0,0,0,0.0,0,0,0,0,0,0,0,0,0,0,0,0,0,0,0,0,0,0.0,0.0
279,640532,490,Hamza,Abdallah,H. Abdallah,DEF,4.0,,0.0,0,0,0,0,,0,0,202,0,0,8,0,,7,2,0,0,0,0,44,2,0,0,83,8,2,2,5,0,0,0.0,0.0
280,640836,1414,Adrien,Llukes,A. Llukes,FWD,4.5,,1.0,0,0,1,0,,0,0,21,0,0,0,0,,0,0,0,0,0,0,4,1,0,0,75,0,0,2,0,0,0,0.2222222222222222,0.2222222222222222
281,640840,490,Ethan,Bruchez,E. Bruchez,MID,4.0,,1.0,0,0,1,0,,0,0,8,0,0,0,0,,0,0,0,0,0,0,1,0,0,0,50,0,0,0,1,0,0,0.25,0.25
282,643497,1269,Mile,Vukelic,M. Vukelic,DEF,4.5,,0.0,0,0,0,0,,0,0,0,0,0,0,0,,0,0,0,0,0,0,0,0,0,0,0,0,0,0,0,0,0,0.0,0.0
283,643971,1269,Levin,Winkler,L. Winkler,MID,6.0,,3.0,0,12,84,0,,4,3,1665,8,4,62,4,,0,3,0,0,0,0,411,13,1,1,69,16,7,35,31,1,0,0.5,14.0
284,649488,1269,Andrej,Vasovic,A. Vasovic,FWD,4.5,,1.0,0,0,1,0,,0,0,7,0,0,0,0,,0,0,0,0,0,0,2,0,0,0,100,0,0,0,0,0,0,0.2222222222222222,0.2222222222222222
285,649508,249,Leart,Kabashi,L. Kabashi,FWD,4.5,,2.7,0,0,8,0,,1,0,116,1,0,2,0,,0,0,0,0,0,0,36,4,0,0,74,1,0,3,7,1,0,0.6000000000000001,1.7777777777777777
286,649509,595,Neil,Volken,N. Volken,DEF,4.5,,1.0,0,0,5,0,,0,0,76,0,0,4,0,,1,0,0,0,0,0,25,1,0,1,85,3,0,1,0,0,0,0.2222222222222222,1.1111111111111112
287,658583,595,Dylan,Munroe,D. Munroe,MID,4.0,,0.0,0,0,0,0,,0,0,0,0,0,0,0,,0,0,0,0,0,0,0,0,0,0,0,0,0,0,0,0,0,0.0,0.0
288,659625,1748,Jan,Eicher,J. Eicher,GK,3.5,,0.0,0,0,0,0,,0,0,0,0,0,0,0,0.0,0,0,0,0,0,0,0,0,0,0,0,0,0,0,0,0,0,0.0,0.0
289,660131,595,Vincent,Nvendo,V. Nvendo,FWD,5.0,,0.8,0,0,3,0,,0,0,125,1,0,0,0,,0,1,0,0,0,0,5,1,0,0,62,0,0,0,2,0,0,0.16,0.6
290,660398,1414,Pierrick,Moulin,P. Moulin,MID,4.0,,0.0,0,0,0,0,,0,0,0,0,0,0,0,,0,0,0,0,0,0,0,0,0,0,0,0,0,0,0,0,0,0.0,0.0
291,661006,1748,Ethan,Meichtry,E. Meichtry,MID,6.0,,0.0,0,0,0,0,,0,0,0,0,0,0,0,,0,0,0,0,0,0,0,0,0,0,0,0,0,0,0,0,0,0.0,0.0
292,661241,1269,Bung Meng,Freimann,B. Freimann,DEF,4.5,,2.4,0,4,47,0,,1,1,1409,2,0,39,3,,25,1,1,0,0,0,364,6,0,2,78,25,15,12,16,0,0,0.5333333333333333,10.444444444444445
293,662062,490,Souleymane,NDiaye,S. NDiaye,MID,5.0,,2.3,0,0,9,0,,1,0,109,1,0,3,0,,0,0,0,0,0,0,46,0,2,0,57,6,2,0,2,0,0,0.45999999999999996,1.8
294,662930,595,Mohamed,Bangoura,M. Bangoura,MID,4.5,,1.0,0,0,4,0,,0,0,83,0,0,5,0,,0,0,0,0,0,0,20,0,0,0,86,1,0,1,2,0,0,0.2222222222222222,0.8888888888888888
295,666657,595,Daniel,Denoon,D. Denoon,DEF,4.5,,1.2,0,2,16,0,,0,0,683,1,1,12,2,,16,4,1,0,0,0,130,5,0,1,87,6,1,18,17,0,0,0.26666666666666666,3.5555555555555554
296,668613,1269,Lionel,Huwiler,L. Huwiler,GK,4.0,,0.0,0,0,0,0,,0,0,0,0,0,0,0,0.0,0,0,0,0,0,0,0,0,0,0,0,0,0,0,0,0,0,0.0,0.0
297,668672,1414,Mohcine,Bouriga,M. Bouriga,FWD,5.5,,1.4,0,3,31,0,,1,0,585,4,2,4,0,,0,2,0,0,0,0,92,10,1,9,63,1,0,11,14,0,0,0.2545454545454545,5.636363636363637
298,669995,1963,Emmanuel,Tsimba,E. Tsimba,FWD,4.5,,1.0,0,0,4,0,,0,0,90,0,0,0,0,,0,0,0,0,0,0,6,0,0,1,41,0,0,0,3,0,0,0.2222222222222222,0.8888888888888888
299,674504,210,Keyan,Varela,K. Varela,FWD,5.5,,2.4,0,0,33,0,,2,2,457,5,1,9,2,,0,1,0,0,0,0,107,8,0,0,71,4,1,3,4,2,0,0.43636363636363634,6.0
300,676001,249,Yannick,Bettkober,Y. Bettkober,DEF,4.5,,0.7,0,0,2,0,,0,0,174,0,0,6,0,,5,1,0,0,0,0,37,0,0,0,88,2,2,1,3,0,0,0.15555555555555556,0.4444444444444444
301,677426,1269,Mattia,Walker,M. Walker,MID,4.5,,1.0,0,0,2,0,,0,0,35,0,0,0,0,,0,0,0,0,0,0,7,0,0,0,40,2,0,0,0,0,0,0.2222222222222222,0.4444444444444444
302,678583,1269,Sascha,Britschgi,S. Britschgi,DEF,4.0,,0.0,0,0,0,0,,0,0,0,0,0,0,0,,0,0,0,0,0,0,0,0,0,0,0,0,0,0,0,0,0,0.0,0.0
303,679828,1414,Maxime,Dubosson,M. Dubosson,DEF,4.0,,1.0,0,0,1,0,,0,0,20,0,0,0,0,,0,0,0,0,0,0,8,0,0,0,81,0,1,1,0,0,0,0.25,0.25
304,681086,1414,Altin,Shala,A. Shala,FWD,4.5,,0.0,0,0,0,0,,0,0,0,0,0,0,0,,0,0,0,0,0,0,0,0,0,0,0,0,0,0,0,0,0,0.0,0.0
305,681091,453,Pascal,Büttiker,P. Büttiker,DEF,4.5,,0.0,0,0,0,0,,0,0,0,0,0,0,0,,0,0,0,0,0,0,0,0,0,0,0,0,0,0,0,0,0,0.0,0.0
306,681193,595,David,Vujevic,D. Vujevic,DEF,4.5,,2.0,0,0,6,0,,0,0,213,0,0,3,1,,5,1,0,0,0,0,55,0,0,0,83,2,4,0,4,0,0,0.4444444444444444,1.3333333333333333
307,695422,935,Damian,Kelvin,D. Kelvin,DEF,4.5,,0.0,0,0,0,0,,0,0,0,0,0,0,0,,0,0,0,0,0,0,0,0,0,0,0,0,0,0,0,0,0,0.0,0.0
308,696350,453,Cyrill,May,C. May,DEF,4.5,,1.0,0,0,3,0,,0,0,258,0,0,5,0,,7,0,0,0,0,0,50,1,0,0,79,2,2,1,2,0,0,0.2222222222222222,0.6666666666666666
309,697871,1414,Rayan,Stoll,R. Stoll,FWD,4.5,,0.0,0,0,0,0,,0,0,21,0,0,0,0,,0,1,0,0,0,0,-2,0,0,1,91,0,0,0,1,0,0,0.0,0.0
310,699917,595,Yevhen,Morozov,Y. Morozov,GK,4.5,,0.0,0,0,0,0,,0,0,0,0,0,0,0,0.0,0,0,0,0,0,0,0,0,0,0,0,0,0,0,0,0,0,0.0,0.0
311,699918,3573,Noah,Brogli,N. Brogli,GK,4.0,,0.0,0,0,0,0,,0,0,0,0,0,0,0,0.0,0,0,0,0,0,0,0,0,0,0,0,0,0,0,0,0,0,0.0,0.0
